contact,delete,8878879026,,,,,,
contact,delete,8878871262,,,,,,
contact,delete,8878877783,,,,,,
contact,delete,8878875185,,,,,,
contact,delete,8878876837,,,,,,
contact,delete,8878879938,,,,,,
contact,create,8878873916,name,John,email,john@example.com,age,26
contact,create,8878873608,name,Connie,email,connie@example.com,age,19
contact,delete,8878872512,,,,,,
contact,create,8878871837,name,Paul,email,paul@example.com,age,25
contact,create,8878878173,name,Leslie,email,leslie@example.com,age,20
contact,delete,8878874860,,,,,,
contact,create,8878874017,name,Keith,email,keith@example.com,age,24
contact,delete,8878873039,,,,,,
contact,delete,8878871513,,,,,,
contact,delete,8878876664,,,,,,
contact,create,8878874116,name,Erin,email,erin@example.com,age,35
contact,delete,8878874659,,,,,,
contact,delete,8878874704,,,,,,
contact,create,8878877604,name,Brandon,email,brandon@example.com,age,34
contact,create,8878878179,name,Michelle,email,michelle@example.com,age,33
contact,create,8878872969,name,Jerry,email,jerry@example.com,age,50
contact,delete,8878876484,,,,,,
contact,create,8878879846,name,Daniel,email,daniel@example.com,age,46
contact,create,8878875006,name,Marcus,email,marcus@example.com,age,24
contact,create,8878877180,name,Monica,email,monica@example.com,age,44
contact,delete,8878873947,,,,,,
contact,create,8878878712,name,Sandra,email,sandra@example.com,age,59
contact,create,8878874771,name,Greg,email,greg@example.com,age,42
contact,delete,8878875600,,,,,,
contact,create,8878874079,name,Jessica,email,jessica@example.com,age,24
contact,delete,8878879869,,,,,,
contact,delete,8878876284,,,,,,
contact,delete,8878877370,,,,,,
contact,create,8878871278,name,Gabriela,email,gabriela@example.com,age,24
contact,delete,8878877288,,,,,,
contact,delete,8878871519,,,,,,
contact,delete,8878874026,,,,,,
contact,delete,8878874179,,,,,,
contact,create,8878873410,name,Rebecca,email,rebecca@example.com,age,49
contact,delete,8878875345,,,,,,
contact,delete,8878872834,,,,,,
contact,delete,8878879983,,,,,,
contact,delete,8878871210,,,,,,
contact,delete,8878879919,,,,,,
contact,delete,8878871208,,,,,,
contact,delete,8878877383,,,,,,
contact,delete,8878872200,,,,,,
contact,delete,8878871948,,,,,,
contact,delete,8878878636,,,,,,
contact,delete,8878875536,,,,,,
contact,delete,8878875608,,,,,,
contact,delete,8878872006,,,,,,
contact,create,8878877530,name,Lisa,email,lisa@example.com,age,60
contact,delete,8878875741,,,,,,
contact,create,8878875960,name,Kathy,email,kathy@example.com,age,58
contact,delete,8878873165,,,,,,
contact,create,8878874637,name,William,email,william@example.com,age,58
contact,delete,8878875131,,,,,,
contact,delete,8878872847,,,,,,
contact,delete,8878871174,,,,,,
contact,delete,8878878365,,,,,,
contact,delete,8878875828,,,,,,
contact,delete,8878876874,,,,,,
contact,delete,8878871911,,,,,,
contact,create,8878876108,name,Joseph,email,joseph@example.com,age,25
contact,create,8878871515,name,Jean,email,jean@example.com,age,26
contact,create,8878871171,name,Antonio,email,antonio@example.com,age,23
contact,create,8878875642,name,Michelle,email,michelle@example.com,age,52
contact,create,8878877485,name,David,email,david@example.com,age,22
contact,create,8878879261,name,Zachary,email,zachary@example.com,age,41
contact,create,8878873356,name,Nichole,email,nichole@example.com,age,46
contact,create,8878879678,name,Rodney,email,rodney@example.com,age,27
contact,delete,8878879715,,,,,,
contact,create,8878875438,name,Karen,email,karen@example.com,age,19
contact,create,8878872168,name,Diana,email,diana@example.com,age,24
contact,delete,8878873448,,,,,,
contact,create,8878875929,name,Patricia,email,patricia@example.com,age,18
contact,create,8878872988,name,Nicholas,email,nicholas@example.com,age,57
contact,create,8878877927,name,Benjamin,email,benjamin@example.com,age,24
contact,delete,8878874647,,,,,,
contact,delete,8878875090,,,,,,
contact,delete,8878871701,,,,,,
contact,delete,8878878735,,,,,,
contact,create,8878873063,name,David,email,david@example.com,age,20
contact,create,8878875043,name,Jonathan,email,jonathan@example.com,age,32
contact,delete,8878872058,,,,,,
contact,create,8878876747,name,Ann,email,ann@example.com,age,40
contact,delete,8878872664,,,,,,
contact,delete,8878874616,,,,,,
contact,create,8878877846,name,Daniel,email,daniel@example.com,age,28
contact,create,8878875627,name,Jennifer,email,jennifer@example.com,age,30
contact,delete,8878878489,,,,,,
contact,delete,8878876105,,,,,,
contact,create,8878876865,name,Melvin,email,melvin@example.com,age,46
contact,delete,8878872474,,,,,,
contact,delete,8878878657,,,,,,
contact,delete,8878873611,,,,,,
contact,create,8878872568,name,Rebecca,email,rebecca@example.com,age,23
contact,create,8878875963,name,Gregory,email,gregory@example.com,age,26
contact,delete,8878873718,,,,,,
contact,delete,8878875089,,,,,,
contact,delete,8878877926,,,,,,
contact,create,8878879490,name,Cynthia,email,cynthia@example.com,age,21
contact,delete,8878877608,,,,,,
contact,create,8878878796,name,Tricia,email,tricia@example.com,age,30
contact,create,8878875164,name,Alison,email,alison@example.com,age,39
contact,delete,8878876688,,,,,,
contact,delete,8878877786,,,,,,
contact,create,8878873458,name,Connor,email,connor@example.com,age,18
contact,create,8878872228,name,William,email,william@example.com,age,29
contact,delete,8878878535,,,,,,
contact,delete,8878874969,,,,,,
contact,create,8878874606,name,Carlos,email,carlos@example.com,age,19
contact,delete,8878877788,,,,,,
contact,delete,8878877350,,,,,,
contact,delete,8878876993,,,,,,
contact,delete,8878878135,,,,,,
contact,create,8878874266,name,Jennifer,email,jennifer@example.com,age,18
contact,create,8878873439,name,Keith,email,keith@example.com,age,53
contact,delete,8878871815,,,,,,
contact,create,8878875805,name,Erin,email,erin@example.com,age,43
contact,delete,8878873199,,,,,,
contact,create,8878872901,name,Michelle,email,michelle@example.com,age,43
contact,create,8878873666,name,Aaron,email,aaron@example.com,age,36
contact,delete,8878874630,,,,,,
contact,delete,8878872203,,,,,,
contact,delete,8878877169,,,,,,
contact,delete,8878877967,,,,,,
contact,create,8878878419,name,Rebecca,email,rebecca@example.com,age,47
contact,create,8878876816,name,Nathan,email,nathan@example.com,age,18
contact,delete,8878878319,,,,,,
contact,delete,8878872320,,,,,,
contact,delete,8878871090,,,,,,
contact,create,8878873090,name,David,email,david@example.com,age,18
contact,delete,8878871804,,,,,,
contact,delete,8878875189,,,,,,
contact,delete,8878876089,,,,,,
contact,delete,8878873808,,,,,,
contact,create,8878874089,name,Krystal,email,krystal@example.com,age,58
contact,delete,8878876360,,,,,,
contact,create,8878876048,name,Christopher,email,christopher@example.com,age,56
contact,create,8878879992,name,Desiree,email,desiree@example.com,age,48
contact,create,8878871417,name,John,email,john@example.com,age,22
contact,create,8878872235,name,Catherine,email,catherine@example.com,age,53
contact,create,8878875381,name,Patricia,email,patricia@example.com,age,54
contact,delete,8878872817,,,,,,
contact,create,8878875417,name,Toni,email,toni@example.com,age,48
contact,create,8878877895,name,April,email,april@example.com,age,60
contact,delete,8878877752,,,,,,
contact,delete,8878877062,,,,,,
contact,create,8878871458,name,Dana,email,dana@example.com,age,42
contact,create,8878874976,name,Laura,email,laura@example.com,age,52
contact,create,8878878526,name,Brandon,email,brandon@example.com,age,38
contact,create,8878879300,name,Mark,email,mark@example.com,age,18
contact,delete,8878873222,,,,,,
contact,delete,8878877255,,,,,,
contact,create,8878877440,name,Ryan,email,ryan@example.com,age,37
contact,delete,8878874418,,,,,,
contact,delete,8878872677,,,,,,
contact,create,8878872010,name,Melissa,email,melissa@example.com,age,56
contact,create,8878872213,name,Tammy,email,tammy@example.com,age,20
contact,delete,8878878646,,,,,,
contact,create,8878873772,name,Terry,email,terry@example.com,age,47
contact,delete,8878874480,,,,,,
contact,create,8878874066,name,Scott,email,scott@example.com,age,27
contact,create,8878871854,name,Jacob,email,jacob@example.com,age,29
contact,delete,8878877222,,,,,,
contact,create,8878878614,name,Steven,email,steven@example.com,age,45
contact,delete,8878876102,,,,,,
contact,create,8878871661,name,Gregory,email,gregory@example.com,age,32
contact,delete,8878878966,,,,,,
contact,delete,8878879504,,,,,,
contact,delete,8878875674,,,,,,
contact,delete,8878872660,,,,,,
contact,delete,8878879499,,,,,,
contact,create,8878879209,name,Seth,email,seth@example.com,age,22
contact,delete,8878872832,,,,,,
contact,delete,8878877562,,,,,,
contact,delete,8878874003,,,,,,
contact,create,8878872204,name,Lance,email,lance@example.com,age,54
contact,delete,8878875387,,,,,,
contact,delete,8878876711,,,,,,
contact,delete,8878873830,,,,,,
contact,create,8878871914,name,Steve,email,steve@example.com,age,45
contact,delete,8878875675,,,,,,
contact,delete,8878873828,,,,,,
contact,delete,8878875073,,,,,,
contact,create,8878874528,name,Alison,email,alison@example.com,age,20
contact,create,8878875469,name,Joseph,email,joseph@example.com,age,27
contact,create,8878871173,name,John,email,john@example.com,age,27
contact,create,8878872842,name,Charles,email,charles@example.com,age,39
contact,delete,8878873862,,,,,,
contact,delete,8878878321,,,,,,
contact,create,8878876444,name,Jonathan,email,jonathan@example.com,age,58
contact,delete,8878876382,,,,,,
contact,create,8878877127,name,Cody,email,cody@example.com,age,29
contact,create,8878878737,name,Connie,email,connie@example.com,age,41
contact,create,8878879411,name,Kayla,email,kayla@example.com,age,26
contact,delete,8878876131,,,,,,
contact,create,8878877869,name,Destiny,email,destiny@example.com,age,51
contact,create,8878871806,name,Kimberly,email,kimberly@example.com,age,47
contact,delete,8878873728,,,,,,
contact,create,8878876838,name,Susan,email,susan@example.com,age,49
contact,delete,8878874198,,,,,,
contact,delete,8878872147,,,,,,
contact,create,8878871842,name,Daniel,email,daniel@example.com,age,31
contact,delete,8878878976,,,,,,
contact,create,8878879096,name,Terri,email,terri@example.com,age,19
contact,delete,8878877262,,,,,,
contact,create,8878874277,name,Sandra,email,sandra@example.com,age,22
contact,delete,8878875946,,,,,,
contact,create,8878875966,name,Dana,email,dana@example.com,age,53
contact,create,8878871560,name,Steven,email,steven@example.com,age,51
contact,delete,8878871353,,,,,,
contact,delete,8878871735,,,,,,
contact,delete,8878876628,,,,,,
contact,delete,8878875294,,,,,,
contact,create,8878871703,name,Heather,email,heather@example.com,age,47
contact,create,8878878579,name,Daniel,email,daniel@example.com,age,26
contact,delete,8878873352,,,,,,
contact,create,8878872587,name,Nancy,email,nancy@example.com,age,57
contact,delete,8878873896,,,,,,
contact,delete,8878875731,,,,,,
contact,delete,8878877341,,,,,,
contact,create,8878878583,name,Dennis,email,dennis@example.com,age,21
contact,delete,8878877182,,,,,,
contact,delete,8878872303,,,,,,
contact,create,8878876023,name,Bryan,email,bryan@example.com,age,25
contact,delete,8878873648,,,,,,
contact,create,8878875282,name,Brittany,email,brittany@example.com,age,52
contact,create,8878875417,name,Wendy,email,wendy@example.com,age,37
contact,delete,8878872496,,,,,,
contact,delete,8878879171,,,,,,
contact,create,8878874313,name,Charles,email,charles@example.com,age,55
contact,delete,8878878764,,,,,,
contact,create,8878878959,name,Steven,email,steven@example.com,age,51
contact,delete,8878874441,,,,,,
contact,create,8878872451,name,William,email,william@example.com,age,37
contact,delete,8878878523,,,,,,
contact,delete,8878871261,,,,,,
contact,delete,8878876721,,,,,,
contact,create,8878876297,name,Cody,email,cody@example.com,age,35
contact,create,8878874621,name,Andrea,email,andrea@example.com,age,21
contact,create,8878877002,name,Julie,email,julie@example.com,age,37
contact,delete,8878871613,,,,,,
contact,delete,8878877803,,,,,,
contact,create,8878879259,name,Samuel,email,samuel@example.com,age,49
contact,delete,8878874178,,,,,,
contact,create,8878875783,name,Heather,email,heather@example.com,age,60
contact,delete,8878875555,,,,,,
contact,create,8878878549,name,John,email,john@example.com,age,50
contact,delete,8878873183,,,,,,
contact,create,8878872902,name,Travis,email,travis@example.com,age,51
contact,delete,8878874043,,,,,,
contact,delete,8878873910,,,,,,
contact,create,8878871489,name,Andrew,email,andrew@example.com,age,56
contact,create,8878874466,name,Derek,email,derek@example.com,age,52
contact,delete,8878875749,,,,,,
contact,create,8878874434,name,Theodore,email,theodore@example.com,age,35
contact,create,8878871573,name,Kristina,email,kristina@example.com,age,53
contact,delete,8878872607,,,,,,
contact,delete,8878879663,,,,,,
contact,delete,8878876725,,,,,,
contact,create,8878877816,name,Judy,email,judy@example.com,age,48
contact,create,8878877181,name,Andrew,email,andrew@example.com,age,47
contact,delete,8878873367,,,,,,
contact,delete,8878872118,,,,,,
contact,delete,8878879982,,,,,,
contact,create,8878872655,name,Sheryl,email,sheryl@example.com,age,29
contact,delete,8878877927,,,,,,
contact,delete,8878871575,,,,,,
contact,delete,8878872688,,,,,,
contact,create,8878871282,name,Daniel,email,daniel@example.com,age,29
contact,delete,8878872448,,,,,,
contact,delete,8878878005,,,,,,
contact,delete,8878879267,,,,,,
contact,create,8878877185,name,Brian,email,brian@example.com,age,43
contact,delete,8878877192,,,,,,
contact,create,8878871492,name,Ronald,email,ronald@example.com,age,36
contact,create,8878878946,name,Charlotte,email,charlotte@example.com,age,52
contact,create,8878878427,name,Tommy,email,tommy@example.com,age,57
contact,create,8878871595,name,Nancy,email,nancy@example.com,age,49
contact,delete,8878872440,,,,,,
contact,create,8878876056,name,Shannon,email,shannon@example.com,age,44
contact,create,8878874991,name,Jody,email,jody@example.com,age,29
contact,create,8878873653,name,Vernon,email,vernon@example.com,age,47
contact,delete,8878878541,,,,,,
contact,create,8878876616,name,Amanda,email,amanda@example.com,age,55
contact,delete,8878872751,,,,,,
contact,create,8878876813,name,Karen,email,karen@example.com,age,21
contact,create,8878872840,name,Bryce,email,bryce@example.com,age,22
contact,delete,8878877778,,,,,,
contact,delete,8878872411,,,,,,
contact,delete,8878877412,,,,,,
contact,delete,8878879601,,,,,,
contact,delete,8878871641,,,,,,
contact,create,8878875059,name,Kathryn,email,kathryn@example.com,age,31
contact,delete,8878875557,,,,,,
contact,delete,8878874534,,,,,,
contact,create,8878875308,name,Ethan,email,ethan@example.com,age,59
contact,delete,8878875039,,,,,,
contact,create,8878879866,name,Kristin,email,kristin@example.com,age,26
contact,create,8878873365,name,Alyssa,email,alyssa@example.com,age,46
contact,delete,8878871148,,,,,,
contact,create,8878876281,name,Kevin,email,kevin@example.com,age,45
contact,delete,8878872772,,,,,,
contact,delete,8878876287,,,,,,
contact,delete,8878871567,,,,,,
contact,create,8878871349,name,April,email,april@example.com,age,30
contact,delete,8878875510,,,,,,
contact,delete,8878877600,,,,,,
contact,create,8878873074,name,Brian,email,brian@example.com,age,24
contact,delete,8878878869,,,,,,
contact,delete,8878875478,,,,,,
contact,delete,8878876744,,,,,,
contact,delete,8878876420,,,,,,
contact,delete,8878876791,,,,,,
contact,delete,8878872995,,,,,,
contact,create,8878876470,name,Connie,email,connie@example.com,age,37
contact,delete,8878879609,,,,,,
contact,create,8878879990,name,Jody,email,jody@example.com,age,25
contact,create,8878877648,name,Tyler,email,tyler@example.com,age,38
contact,create,8878874881,name,Rachel,email,rachel@example.com,age,39
contact,create,8878876852,name,Elizabeth,email,elizabeth@example.com,age,18
contact,create,8878878140,name,David,email,david@example.com,age,36
contact,create,8878873419,name,Hannah,email,hannah@example.com,age,27
contact,delete,8878874435,,,,,,
contact,create,8878877158,name,Joe,email,joe@example.com,age,51
contact,create,8878876684,name,Susan,email,susan@example.com,age,58
contact,create,8878874762,name,Ernest,email,ernest@example.com,age,27
contact,create,8878873172,name,Timothy,email,timothy@example.com,age,28
contact,delete,8878873191,,,,,,
contact,create,8878879770,name,David,email,david@example.com,age,52
contact,delete,8878877875,,,,,,
contact,delete,8878877908,,,,,,
contact,delete,8878874408,,,,,,
contact,create,8878878870,name,Mark,email,mark@example.com,age,42
contact,create,8878877018,name,Brittany,email,brittany@example.com,age,50
contact,delete,8878873732,,,,,,
contact,delete,8878876661,,,,,,
contact,delete,8878872881,,,,,,
contact,delete,8878877170,,,,,,
contact,create,8878873961,name,Brittany,email,brittany@example.com,age,31
contact,delete,8878871127,,,,,,
contact,create,8878878533,name,Adam,email,adam@example.com,age,56
contact,delete,8878872529,,,,,,
contact,create,8878875968,name,Cynthia,email,cynthia@example.com,age,36
contact,create,8878874661,name,Jasmine,email,jasmine@example.com,age,38
contact,create,8878878740,name,Gregory,email,gregory@example.com,age,31
contact,create,8878877905,name,Chad,email,chad@example.com,age,60
contact,delete,8878871472,,,,,,
contact,create,8878875571,name,Mary,email,mary@example.com,age,36
contact,delete,8878879440,,,,,,
contact,delete,8878872953,,,,,,
contact,create,8878871826,name,Amanda,email,amanda@example.com,age,51
contact,delete,8878873581,,,,,,
contact,delete,8878872143,,,,,,
contact,create,8878879855,name,Brian,email,brian@example.com,age,43
contact,create,8878873953,name,Darren,email,darren@example.com,age,43
contact,delete,8878876421,,,,,,
contact,delete,8878879010,,,,,,
contact,delete,8878879768,,,,,,
contact,delete,8878878271,,,,,,
contact,delete,8878875021,,,,,,
contact,create,8878876186,name,Jamie,email,jamie@example.com,age,52
contact,delete,8878875938,,,,,,
contact,create,8878878652,name,Michael,email,michael@example.com,age,19
contact,create,8878876739,name,Juan,email,juan@example.com,age,36
contact,create,8878877509,name,Raymond,email,raymond@example.com,age,44
contact,create,8878874785,name,Judy,email,judy@example.com,age,29
contact,delete,8878874238,,,,,,
contact,delete,8878879495,,,,,,
contact,create,8878872468,name,Robin,email,robin@example.com,age,57
contact,create,8878874776,name,Brian,email,brian@example.com,age,37
contact,update,8878878179,name,Michelle Updated,age,34,,
contact,create,8878876785,name,Ronald,email,ronald@example.com,age,51
contact,create,8878877725,name,Ashley,email,ashley@example.com,age,26
contact,create,8878873949,name,Tina,email,tina@example.com,age,28
contact,create,8878878333,name,Brandon,email,brandon@example.com,age,21
contact,delete,8878876502,,,,,,
contact,delete,8878871429,,,,,,
contact,delete,8878876984,,,,,,
contact,delete,8878874131,,,,,,
contact,create,8878875936,name,Alicia,email,alicia@example.com,age,48
contact,create,8878875263,name,Eric,email,eric@example.com,age,60
contact,delete,8878877807,,,,,,
contact,delete,8878872541,,,,,,
contact,delete,8878875479,,,,,,
contact,create,8878877779,name,Keith,email,keith@example.com,age,56
contact,delete,8878878926,,,,,,
contact,delete,8878873388,,,,,,
contact,create,8878872470,name,Dana,email,dana@example.com,age,23
contact,create,8878878818,name,Matthew,email,matthew@example.com,age,60
contact,delete,8878871532,,,,,,
contact,create,8878872111,name,Patricia,email,patricia@example.com,age,52
contact,create,8878873892,name,Brian,email,brian@example.com,age,41
contact,delete,8878877923,,,,,,
contact,delete,8878876558,,,,,,
contact,create,8878874829,name,Brian,email,brian@example.com,age,18
contact,create,8878873213,name,Jennifer,email,jennifer@example.com,age,30
contact,create,8878878391,name,Holly,email,holly@example.com,age,19
contact,create,8878874188,name,Kyle,email,kyle@example.com,age,50
contact,delete,8878877683,,,,,,
contact,create,8878879853,name,Shaun,email,shaun@example.com,age,21
contact,create,8878879345,name,Tina,email,tina@example.com,age,34
contact,create,8878878576,name,Kathleen,email,kathleen@example.com,age,25
contact,create,8878876252,name,Brianna,email,brianna@example.com,age,21
contact,create,8878873949,name,Stacy,email,stacy@example.com,age,25
contact,create,8878871115,name,Larry,email,larry@example.com,age,40
contact,create,8878876037,name,Patricia,email,patricia@example.com,age,35
contact,delete,8878876928,,,,,,
contact,create,8878875210,name,Latoya,email,latoya@example.com,age,33
contact,delete,8878872644,,,,,,
contact,delete,8878872786,,,,,,
contact,create,8878874853,name,Timothy,email,timothy@example.com,age,52
contact,create,8878874337,name,Robert,email,robert@example.com,age,52
contact,create,8878875171,name,Ann,email,ann@example.com,age,34
contact,create,8878879301,name,Sydney,email,sydney@example.com,age,45
contact,delete,8878875538,,,,,,
contact,create,8878871968,name,Tommy,email,tommy@example.com,age,37
contact,create,8878878438,name,Robert,email,robert@example.com,age,31
contact,create,8878878715,name,Amanda,email,amanda@example.com,age,37
contact,create,8878871259,name,Carrie,email,carrie@example.com,age,55
contact,create,8878878035,name,Joshua,email,joshua@example.com,age,32
contact,delete,8878877841,,,,,,
contact,delete,8878876915,,,,,,
contact,create,8878871803,name,Lindsey,email,lindsey@example.com,age,29
contact,delete,8878875754,,,,,,
contact,create,8878877554,name,John,email,john@example.com,age,35
contact,create,8878879472,name,Stephanie,email,stephanie@example.com,age,38
contact,delete,8878871503,,,,,,
contact,create,8878878756,name,Blake,email,blake@example.com,age,40
contact,create,8878879711,name,Jasmine,email,jasmine@example.com,age,42
contact,create,8878875593,name,Eric,email,eric@example.com,age,57
contact,create,8878872260,name,Elizabeth,email,elizabeth@example.com,age,29
contact,delete,8878873926,,,,,,
contact,create,8878876752,name,Jesse,email,jesse@example.com,age,57
contact,create,8878871141,name,Sarah,email,sarah@example.com,age,45
contact,delete,8878874217,,,,,,
contact,create,8878873220,name,Ernest,email,ernest@example.com,age,32
contact,create,8878873437,name,Jack,email,jack@example.com,age,22
contact,delete,8878874057,,,,,,
contact,delete,8878872036,,,,,,
contact,create,8878877869,name,Mary,email,mary@example.com,age,18
contact,delete,8878877331,,,,,,
contact,delete,8878872115,,,,,,
contact,delete,8878878124,,,,,,
contact,delete,8878872270,,,,,,
contact,delete,8878874304,,,,,,
contact,create,8878879188,name,Ashley,email,ashley@example.com,age,45
contact,delete,8878871171,,,,,,
contact,delete,8878872522,,,,,,
contact,create,8878874243,name,Anne,email,anne@example.com,age,35
contact,create,8878875218,name,Susan,email,susan@example.com,age,26
contact,create,8878873533,name,Mary,email,mary@example.com,age,28
contact,create,8878876296,name,Logan,email,logan@example.com,age,35
contact,create,8878872024,name,Timothy,email,timothy@example.com,age,48
contact,delete,8878871278,,,,,,
contact,create,8878873001,name,Dennis,email,dennis@example.com,age,22
contact,delete,8878872011,,,,,,
contact,delete,8878874201,,,,,,
contact,delete,8878875319,,,,,,
contact,create,8878876720,name,Maria,email,maria@example.com,age,36
contact,create,8878872742,name,Stephen,email,stephen@example.com,age,35
contact,create,8878875334,name,Sarah,email,sarah@example.com,age,47
contact,create,8878878174,name,Tammy,email,tammy@example.com,age,22
contact,delete,8878871033,,,,,,
contact,create,8878871932,name,Alexandra,email,alexandra@example.com,age,21
contact,delete,8878871322,,,,,,
contact,delete,8878875297,,,,,,
contact,delete,8878875371,,,,,,
contact,create,8878875632,name,Julie,email,julie@example.com,age,29
contact,create,8878875116,name,Lisa,email,lisa@example.com,age,50
contact,delete,8878876689,,,,,,
contact,create,8878876763,name,Christina,email,christina@example.com,age,55
contact,create,8878872246,name,Erin,email,erin@example.com,age,25
contact,delete,8878873191,,,,,,
contact,create,8878873097,name,Thomas,email,thomas@example.com,age,23
contact,create,8878871959,name,Nathan,email,nathan@example.com,age,18
contact,create,8878879967,name,Carolyn,email,carolyn@example.com,age,18
contact,delete,8878879736,,,,,,
contact,create,8878879993,name,Christina,email,christina@example.com,age,35
contact,create,8878878881,name,Miranda,email,miranda@example.com,age,40
contact,create,8878872999,name,Jennifer,email,jennifer@example.com,age,57
contact,create,8878876081,name,John,email,john@example.com,age,44
contact,create,8878875847,name,Linda,email,linda@example.com,age,29
contact,delete,8878877878,,,,,,
contact,create,8878876458,name,Crystal,email,crystal@example.com,age,49
contact,delete,8878877699,,,,,,
contact,create,8878874591,name,Elizabeth,email,elizabeth@example.com,age,39
contact,delete,8878875579,,,,,,
contact,delete,8878878046,,,,,,
contact,delete,8878871674,,,,,,
contact,create,8878875356,name,Erin,email,erin@example.com,age,33
contact,delete,8878871041,,,,,,
contact,create,8878879936,name,Kyle,email,kyle@example.com,age,60
contact,delete,8878878276,,,,,,
contact,create,8878878069,name,Michael,email,michael@example.com,age,42
contact,delete,8878878373,,,,,,
contact,update,8878872969,name,Jerry Updated,age,51,,
contact,update,8878876081,name,John Updated,age,45,,
contact,delete,8878876212,,,,,,
contact,create,8878875195,name,Roberto,email,roberto@example.com,age,43
contact,delete,8878878866,,,,,,
contact,create,8878877723,name,Kyle,email,kyle@example.com,age,23
contact,delete,8878877595,,,,,,
contact,delete,8878871491,,,,,,
contact,delete,8878875577,,,,,,
contact,create,8878877166,name,Diane,email,diane@example.com,age,22
contact,delete,8878877271,,,,,,
contact,delete,8878878444,,,,,,
contact,delete,8878873354,,,,,,
contact,create,8878878009,name,Daniel,email,daniel@example.com,age,53
contact,create,8878876954,name,Shannon,email,shannon@example.com,age,50
contact,create,8878875013,name,Amy,email,amy@example.com,age,27
contact,create,8878876624,name,Michele,email,michele@example.com,age,26
contact,delete,8878873229,,,,,,
contact,delete,8878875285,,,,,,
contact,delete,8878873949,,,,,,
contact,create,8878878132,name,Holly,email,holly@example.com,age,18
contact,create,8878875553,name,Derrick,email,derrick@example.com,age,42
contact,create,8878879229,name,Heidi,email,heidi@example.com,age,52
contact,delete,8878872371,,,,,,
contact,delete,8878876133,,,,,,
contact,create,8878872623,name,Charles,email,charles@example.com,age,46
contact,delete,8878874170,,,,,,
contact,delete,8878875063,,,,,,
contact,create,8878876473,name,Christopher,email,christopher@example.com,age,50
contact,create,8878879907,name,Christopher,email,christopher@example.com,age,48
contact,create,8878871407,name,Ryan,email,ryan@example.com,age,35
contact,create,8878878168,name,Vanessa,email,vanessa@example.com,age,60
contact,delete,8878876371,,,,,,
contact,create,8878874309,name,Fred,email,fred@example.com,age,48
contact,create,8878872330,name,John,email,john@example.com,age,35
contact,create,8878875516,name,Martin,email,martin@example.com,age,46
contact,create,8878875602,name,Daniel,email,daniel@example.com,age,39
contact,create,8878872046,name,Lindsey,email,lindsey@example.com,age,40
contact,delete,8878879406,,,,,,
contact,create,8878874271,name,Robert,email,robert@example.com,age,23
contact,delete,8878875173,,,,,,
contact,create,8878875020,name,Anthony,email,anthony@example.com,age,41
contact,create,8878876004,name,Deanna,email,deanna@example.com,age,53
contact,create,8878876534,name,James,email,james@example.com,age,58
contact,delete,8878871756,,,,,,
contact,delete,8878873414,,,,,,
contact,delete,8878877607,,,,,,
contact,create,8878873102,name,Stanley,email,stanley@example.com,age,39
contact,delete,8878878345,,,,,,
contact,update,8878874266,name,Jennifer Updated,age,19,,
contact,delete,8878878751,,,,,,
contact,create,8878876882,name,Holly,email,holly@example.com,age,59
contact,delete,8878872946,,,,,,
contact,create,8878874480,name,Mark,email,mark@example.com,age,20
contact,create,8878873875,name,Amy,email,amy@example.com,age,18
contact,create,8878872327,name,Michelle,email,michelle@example.com,age,54
contact,create,8878873045,name,Jennifer,email,jennifer@example.com,age,48
contact,delete,8878871061,,,,,,
contact,delete,8878872363,,,,,,
contact,delete,8878879543,,,,,,
contact,create,8878876839,name,Dawn,email,dawn@example.com,age,20
contact,delete,8878875265,,,,,,
contact,create,8878872932,name,Tammy,email,tammy@example.com,age,56
contact,delete,8878874033,,,,,,
contact,create,8878871628,name,Frank,email,frank@example.com,age,29
contact,delete,8878871651,,,,,,
contact,create,8878878455,name,Veronica,email,veronica@example.com,age,20
contact,delete,8878871431,,,,,,
contact,create,8878879341,name,David,email,david@example.com,age,24
contact,delete,8878873678,,,,,,
contact,delete,8878871037,,,,,,
contact,delete,8878877343,,,,,,
contact,create,8878876676,name,Robert,email,robert@example.com,age,38
contact,delete,8878876675,,,,,,
contact,create,8878879382,name,Kevin,email,kevin@example.com,age,48
contact,delete,8878872519,,,,,,
contact,create,8878878752,name,Anita,email,anita@example.com,age,58
contact,delete,8878872543,,,,,,
contact,create,8878872931,name,Christine,email,christine@example.com,age,23
contact,create,8878871005,name,Ian,email,ian@example.com,age,35
contact,create,8878874616,name,Stephanie,email,stephanie@example.com,age,35
contact,delete,8878874239,,,,,,
contact,delete,8878879341,,,,,,
contact,create,8878879023,name,Nancy,email,nancy@example.com,age,21
contact,delete,8878874289,,,,,,
contact,delete,8878875004,,,,,,
contact,delete,8878874575,,,,,,
contact,delete,8878875750,,,,,,
contact,create,8878872782,name,Tiffany,email,tiffany@example.com,age,55
contact,create,8878878980,name,Carrie,email,carrie@example.com,age,44
contact,create,8878873951,name,Mike,email,mike@example.com,age,50
contact,create,8878874552,name,Alicia,email,alicia@example.com,age,25
contact,delete,8878876019,,,,,,
contact,delete,8878879967,,,,,,
contact,create,8878873877,name,Lisa,email,lisa@example.com,age,48
contact,create,8878878172,name,Kristin,email,kristin@example.com,age,34
contact,delete,8878874495,,,,,,
contact,delete,8878879135,,,,,,
contact,create,8878877765,name,Jeremy,email,jeremy@example.com,age,52
contact,create,8878874852,name,Phillip,email,phillip@example.com,age,60
contact,create,8878872877,name,Christopher,email,christopher@example.com,age,21
contact,create,8878879435,name,William,email,william@example.com,age,50
contact,delete,8878878784,,,,,,
contact,create,8878875630,name,Deborah,email,deborah@example.com,age,50
contact,create,8878878583,name,Danielle,email,danielle@example.com,age,52
contact,create,8878873927,name,Matthew,email,matthew@example.com,age,37
contact,delete,8878879593,,,,,,
contact,create,8878876635,name,Julie,email,julie@example.com,age,42
contact,delete,8878875413,,,,,,
contact,delete,8878878186,,,,,,
contact,update,8878879853,name,Shaun Updated,age,22,,
contact,delete,8878874059,,,,,,
contact,delete,8878872639,,,,,,
contact,delete,8878878455,,,,,,
contact,delete,8878872680,,,,,,
contact,delete,8878879610,,,,,,
contact,delete,8878875205,,,,,,
contact,delete,8878878209,,,,,,
contact,create,8878875905,name,Derek,email,derek@example.com,age,18
contact,delete,8878879618,,,,,,
contact,create,8878877932,name,Lauren,email,lauren@example.com,age,58
contact,delete,8878872620,,,,,,
contact,delete,8878876775,,,,,,
contact,create,8878879659,name,Philip,email,philip@example.com,age,60
contact,create,8878878260,name,Ivan,email,ivan@example.com,age,50
contact,delete,8878879430,,,,,,
contact,delete,8878879387,,,,,,
contact,create,8878874854,name,Colleen,email,colleen@example.com,age,39
contact,delete,8878879842,,,,,,
contact,delete,8878875074,,,,,,
contact,delete,8878874526,,,,,,
contact,delete,8878875931,,,,,,
contact,delete,8878873658,,,,,,
contact,create,8878872673,name,Brandon,email,brandon@example.com,age,39
contact,delete,8878872510,,,,,,
contact,delete,8878874886,,,,,,
contact,create,8878878988,name,Joshua,email,joshua@example.com,age,36
contact,delete,8878875214,,,,,,
contact,delete,8878872909,,,,,,
contact,delete,8878872222,,,,,,
contact,delete,8878875919,,,,,,
contact,create,8878873683,name,Nicole,email,nicole@example.com,age,38
contact,delete,8878873117,,,,,,
contact,create,8878879246,name,Madison,email,madison@example.com,age,43
contact,create,8878877885,name,Cynthia,email,cynthia@example.com,age,40
contact,delete,8878878991,,,,,,
contact,create,8878876078,name,George,email,george@example.com,age,50
contact,create,8878879740,name,Kara,email,kara@example.com,age,18
contact,create,8878878062,name,John,email,john@example.com,age,23
contact,delete,8878873059,,,,,,
contact,delete,8878874369,,,,,,
contact,create,8878877343,name,Eric,email,eric@example.com,age,58
contact,delete,8878879400,,,,,,
contact,delete,8878874072,,,,,,
contact,delete,8878872656,,,,,,
contact,delete,8878871954,,,,,,
contact,delete,8878871127,,,,,,
contact,update,8878874771,name,Greg Updated,age,43,,
contact,delete,8878872071,,,,,,
contact,create,8878879824,name,David,email,david@example.com,age,18
contact,delete,8878879859,,,,,,
contact,create,8878873517,name,Christopher,email,christopher@example.com,age,60
contact,delete,8878878240,,,,,,
contact,create,8878871632,name,Michael,email,michael@example.com,age,29
contact,delete,8878872938,,,,,,
contact,create,8878871340,name,Joseph,email,joseph@example.com,age,28
contact,delete,8878876923,,,,,,
contact,create,8878872061,name,Tiffany,email,tiffany@example.com,age,25
contact,delete,8878874583,,,,,,
contact,delete,8878878819,,,,,,
contact,create,8878871995,name,Carrie,email,carrie@example.com,age,22
contact,create,8878871893,name,Theresa,email,theresa@example.com,age,27
contact,create,8878877049,name,Michael,email,michael@example.com,age,26
contact,delete,8878873301,,,,,,
contact,delete,8878876194,,,,,,
contact,delete,8878871517,,,,,,
contact,delete,8878875072,,,,,,
contact,delete,8878878103,,,,,,
contact,create,8878872613,name,Kimberly,email,kimberly@example.com,age,21
contact,create,8878875462,name,Joel,email,joel@example.com,age,23
contact,delete,8878878678,,,,,,
contact,delete,8878875293,,,,,,
contact,create,8878879058,name,Lance,email,lance@example.com,age,21
contact,delete,8878871424,,,,,,
contact,create,8878871647,name,Amanda,email,amanda@example.com,age,29
contact,delete,8878871998,,,,,,
contact,create,8878875970,name,Andrew,email,andrew@example.com,age,47
contact,delete,8878878559,,,,,,
contact,delete,8878876146,,,,,,
contact,delete,8878879469,,,,,,
contact,delete,8878876327,,,,,,
contact,create,8878874823,name,Robert,email,robert@example.com,age,31
contact,create,8878871477,name,Joshua,email,joshua@example.com,age,22
contact,create,8878878684,name,Jason,email,jason@example.com,age,28
contact,delete,8878875711,,,,,,
contact,create,8878875935,name,Sylvia,email,sylvia@example.com,age,37
contact,delete,8878874613,,,,,,
contact,create,8878879020,name,Kenneth,email,kenneth@example.com,age,54
contact,delete,8878879603,,,,,,
contact,delete,8878878786,,,,,,
contact,delete,8878871247,,,,,,
contact,create,8878876089,name,Heather,email,heather@example.com,age,39
contact,delete,8878877297,,,,,,
contact,create,8878875393,name,Steven,email,steven@example.com,age,24
contact,create,8878876940,name,Glen,email,glen@example.com,age,33
contact,delete,8878877683,,,,,,
contact,create,8878879575,name,David,email,david@example.com,age,38
contact,create,8878875106,name,Amy,email,amy@example.com,age,41
contact,delete,8878878513,,,,,,
contact,delete,8878874398,,,,,,
contact,create,8878878717,name,Matthew,email,matthew@example.com,age,32
contact,create,8878873808,name,Sarah,email,sarah@example.com,age,27
contact,create,8878877584,name,Brittney,email,brittney@example.com,age,59
contact,create,8878879445,name,Lisa,email,lisa@example.com,age,50
contact,create,8878871423,name,Duane,email,duane@example.com,age,41
contact,delete,8878875042,,,,,,
contact,delete,8878877098,,,,,,
contact,create,8878877018,name,Deborah,email,deborah@example.com,age,28
contact,delete,8878875630,,,,,,
contact,create,8878874944,name,Robert,email,robert@example.com,age,39
contact,create,8878877309,name,Tommy,email,tommy@example.com,age,20
contact,create,8878876033,name,Karen,email,karen@example.com,age,42
contact,create,8878877899,name,Brandon,email,brandon@example.com,age,27
contact,create,8878871674,name,Toni,email,toni@example.com,age,53
contact,delete,8878875278,,,,,,
contact,create,8878872218,name,Fernando,email,fernando@example.com,age,22
contact,delete,8878871882,,,,,,
contact,create,8878872816,name,Ellen,email,ellen@example.com,age,54
contact,delete,8878874628,,,,,,
contact,create,8878871946,name,Clinton,email,clinton@example.com,age,40
contact,delete,8878875763,,,,,,
contact,delete,8878877513,,,,,,
contact,create,8878874772,name,Stacey,email,stacey@example.com,age,50
contact,delete,8878875600,,,,,,
contact,create,8878878161,name,Adam,email,adam@example.com,age,45
contact,delete,8878873276,,,,,,
contact,delete,8878872825,,,,,,
contact,create,8878876725,name,Henry,email,henry@example.com,age,39
contact,delete,8878874356,,,,,,
contact,delete,8878879831,,,,,,
contact,delete,8878875539,,,,,,
contact,delete,8878875697,,,,,,
contact,create,8878877122,name,Victor,email,victor@example.com,age,56
contact,delete,8878879093,,,,,,
contact,create,8878879989,name,Michael,email,michael@example.com,age,47
contact,create,8878878645,name,Lori,email,lori@example.com,age,38
contact,create,8878879997,name,Sarah,email,sarah@example.com,age,36
contact,delete,8878878230,,,,,,
contact,delete,8878879239,,,,,,
contact,delete,8878879146,,,,,,
contact,delete,8878879268,,,,,,
contact,delete,8878874672,,,,,,
contact,create,8878878607,name,William,email,william@example.com,age,46
contact,delete,8878873618,,,,,,
contact,create,8878874728,name,Edwin,email,edwin@example.com,age,31
contact,delete,8878879049,,,,,,
contact,create,8878876966,name,Kevin,email,kevin@example.com,age,25
contact,delete,8878874369,,,,,,
contact,delete,8878876108,,,,,,
contact,create,8878878529,name,Shannon,email,shannon@example.com,age,56
contact,delete,8878874713,,,,,,
contact,delete,8878874829,,,,,,
contact,create,8878873484,name,Tracy,email,tracy@example.com,age,38
contact,delete,8878877365,,,,,,
contact,create,8878873211,name,Scott,email,scott@example.com,age,40
contact,create,8878875791,name,Patricia,email,patricia@example.com,age,24
contact,delete,8878877650,,,,,,
contact,delete,8878877580,,,,,,
contact,create,8878875255,name,Timothy,email,timothy@example.com,age,44
contact,create,8878879451,name,William,email,william@example.com,age,54
contact,create,8878873971,name,Danielle,email,danielle@example.com,age,22
contact,delete,8878879156,,,,,,
contact,create,8878874820,name,Sonya,email,sonya@example.com,age,29
contact,delete,8878871016,,,,,,
contact,create,8878878390,name,Carol,email,carol@example.com,age,38
contact,create,8878876492,name,Kathryn,email,kathryn@example.com,age,58
contact,delete,8878873137,,,,,,
contact,delete,8878874564,,,,,,
contact,create,8878878021,name,Vanessa,email,vanessa@example.com,age,25
contact,create,8878878798,name,Bradley,email,bradley@example.com,age,38
contact,create,8878875758,name,Jennifer,email,jennifer@example.com,age,48
contact,delete,8878877395,,,,,,
contact,create,8878879496,name,Pamela,email,pamela@example.com,age,55
contact,delete,8878873321,,,,,,
contact,create,8878871535,name,Daniel,email,daniel@example.com,age,28
contact,create,8878875964,name,Dorothy,email,dorothy@example.com,age,22
contact,delete,8878876199,,,,,,
contact,delete,8878877228,,,,,,
contact,create,8878874728,name,Nicole,email,nicole@example.com,age,56
contact,delete,8878877662,,,,,,
contact,delete,8878874840,,,,,,
contact,delete,8878879880,,,,,,
contact,create,8878878357,name,Savannah,email,savannah@example.com,age,23
contact,create,8878875814,name,Katherine,email,katherine@example.com,age,37
contact,delete,8878876022,,,,,,
contact,create,8878879816,name,Mary,email,mary@example.com,age,26
contact,delete,8878871700,,,,,,
contact,create,8878876454,name,Bryan,email,bryan@example.com,age,50
contact,create,8878875785,name,Paul,email,paul@example.com,age,19
contact,create,8878877331,name,Patricia,email,patricia@example.com,age,24
contact,delete,8878876978,,,,,,
contact,create,8878873859,name,Sara,email,sara@example.com,age,35
contact,create,8878872886,name,Erica,email,erica@example.com,age,42
contact,delete,8878877261,,,,,,
contact,delete,8878875117,,,,,,
contact,delete,8878874641,,,,,,
contact,delete,8878875183,,,,,,
contact,delete,8878879271,,,,,,
contact,delete,8878873377,,,,,,
contact,delete,8878875055,,,,,,
contact,create,8878877911,name,Austin,email,austin@example.com,age,25
contact,delete,8878875690,,,,,,
contact,create,8878877773,name,Rebecca,email,rebecca@example.com,age,51
contact,delete,8878876420,,,,,,
contact,create,8878871808,name,Kelsey,email,kelsey@example.com,age,35
contact,delete,8878872382,,,,,,
contact,create,8878877536,name,Katie,email,katie@example.com,age,26
contact,create,8878876114,name,Danny,email,danny@example.com,age,22
contact,create,8878872965,name,Rachel,email,rachel@example.com,age,55
contact,create,8878876417,name,Michael,email,michael@example.com,age,60
contact,delete,8878873673,,,,,,
contact,create,8878873507,name,Michael,email,michael@example.com,age,32
contact,create,8878874032,name,Sarah,email,sarah@example.com,age,31
contact,delete,8878877818,,,,,,
contact,create,8878875848,name,Daniel,email,daniel@example.com,age,50
contact,delete,8878876014,,,,,,
contact,delete,8878878211,,,,,,
contact,update,8878878576,name,Kathleen Updated,age,26,,
contact,delete,8878874268,,,,,,
contact,create,8878876582,name,Larry,email,larry@example.com,age,25
contact,create,8878875858,name,Pamela,email,pamela@example.com,age,35
contact,create,8878878426,name,Cheryl,email,cheryl@example.com,age,40
contact,delete,8878879535,,,,,,
contact,create,8878878066,name,Emily,email,emily@example.com,age,53
contact,create,8878876946,name,Kelly,email,kelly@example.com,age,43
contact,delete,8878873613,,,,,,
contact,create,8878875753,name,Jill,email,jill@example.com,age,22
contact,create,8878875806,name,Jonathan,email,jonathan@example.com,age,58
contact,create,8878879328,name,Richard,email,richard@example.com,age,37
contact,create,8878878862,name,Sean,email,sean@example.com,age,23
contact,create,8878872338,name,Joseph,email,joseph@example.com,age,44
contact,create,8878871168,name,Megan,email,megan@example.com,age,38
contact,delete,8878872239,,,,,,
contact,create,8878874997,name,Jonathan,email,jonathan@example.com,age,59
contact,create,8878878406,name,Michelle,email,michelle@example.com,age,60
contact,delete,8878878505,,,,,,
contact,delete,8878876032,,,,,,
contact,create,8878871544,name,Sydney,email,sydney@example.com,age,25
contact,create,8878878429,name,Ryan,email,ryan@example.com,age,20
contact,create,8878875170,name,Edward,email,edward@example.com,age,39
contact,create,8878871231,name,Albert,email,albert@example.com,age,52
contact,delete,8878878135,,,,,,
contact,delete,8878875635,,,,,,
contact,create,8878878049,name,Erika,email,erika@example.com,age,23
contact,delete,8878879489,,,,,,
contact,create,8878873921,name,Roberto,email,roberto@example.com,age,22
contact,delete,8878873833,,,,,,
contact,create,8878871626,name,Jonathan,email,jonathan@example.com,age,57
contact,create,8878875442,name,Amber,email,amber@example.com,age,44
contact,create,8878873705,name,Toni,email,toni@example.com,age,24
contact,delete,8878878624,,,,,,
contact,delete,8878877729,,,,,,
contact,delete,8878875124,,,,,,
contact,delete,8878879295,,,,,,
contact,create,8878877552,name,Thomas,email,thomas@example.com,age,51
contact,delete,8878872612,,,,,,
contact,create,8878878807,name,Kenneth,email,kenneth@example.com,age,26
contact,delete,8878873077,,,,,,
contact,create,8878871282,name,Hector,email,hector@example.com,age,25
contact,delete,8878873731,,,,,,
contact,create,8878877492,name,Dave,email,dave@example.com,age,24
contact,create,8878878748,name,Isabella,email,isabella@example.com,age,51
contact,create,8878872716,name,Julie,email,julie@example.com,age,25
contact,create,8878878602,name,Deborah,email,deborah@example.com,age,41
contact,delete,8878872683,,,,,,
contact,delete,8878879765,,,,,,
contact,delete,8878873192,,,,,,
contact,delete,8878879452,,,,,,
contact,create,8878872061,name,Patricia,email,patricia@example.com,age,34
contact,create,8878871686,name,David,email,david@example.com,age,48
contact,delete,8878879026,,,,,,
contact,delete,8878873617,,,,,,
contact,create,8878878847,name,Mary,email,mary@example.com,age,34
contact,create,8878879432,name,Nicholas,email,nicholas@example.com,age,38
contact,create,8878875123,name,Sarah,email,sarah@example.com,age,22
contact,delete,8878874802,,,,,,
contact,delete,8878877180,,,,,,
contact,create,8878877117,name,Shelly,email,shelly@example.com,age,24
contact,create,8878873401,name,Mark,email,mark@example.com,age,35
contact,delete,8878878748,,,,,,
contact,create,8878871773,name,Tammy,email,tammy@example.com,age,49
contact,create,8878875377,name,Cheryl,email,cheryl@example.com,age,55
contact,create,8878876152,name,Jasmine,email,jasmine@example.com,age,41
contact,delete,8878878383,,,,,,
contact,create,8878875387,name,Spencer,email,spencer@example.com,age,34
contact,delete,8878876731,,,,,,
contact,create,8878873257,name,Anthony,email,anthony@example.com,age,53
contact,create,8878871514,name,John,email,john@example.com,age,41
contact,create,8878874017,name,Michelle,email,michelle@example.com,age,54
contact,delete,8878871420,,,,,,
contact,delete,8878875985,,,,,,
contact,create,8878871151,name,Ronald,email,ronald@example.com,age,58
contact,delete,8878872175,,,,,,
contact,update,8878878174,name,Tammy Updated,age,23,,
contact,create,8878876841,name,Jennifer,email,jennifer@example.com,age,42
contact,delete,8878874445,,,,,,
contact,create,8878871564,name,Sandra,email,sandra@example.com,age,22
contact,create,8878875308,name,Marie,email,marie@example.com,age,49
contact,create,8878874465,name,Sharon,email,sharon@example.com,age,25
contact,delete,8878872032,,,,,,
contact,create,8878879204,name,Karen,email,karen@example.com,age,53
contact,create,8878877159,name,Kristin,email,kristin@example.com,age,41
contact,delete,8878872954,,,,,,
contact,delete,8878874280,,,,,,
contact,delete,8878872638,,,,,,
contact,delete,8878871963,,,,,,
contact,delete,8878873130,,,,,,
contact,delete,8878874117,,,,,,
contact,delete,8878874093,,,,,,
contact,create,8878873024,name,James,email,james@example.com,age,32
contact,delete,8878872949,,,,,,
contact,create,8878877234,name,Michelle,email,michelle@example.com,age,21
contact,delete,8878876082,,,,,,
contact,delete,8878876737,,,,,,
contact,create,8878877875,name,Charles,email,charles@example.com,age,41
contact,delete,8878871518,,,,,,
contact,delete,8878873830,,,,,,
contact,create,8878873666,name,Monica,email,monica@example.com,age,42
contact,delete,8878875093,,,,,,
contact,delete,8878872034,,,,,,
contact,delete,8878871800,,,,,,
contact,create,8878877866,name,Holly,email,holly@example.com,age,18
contact,create,8878879153,name,Robert,email,robert@example.com,age,22
contact,delete,8878873029,,,,,,
contact,delete,8878877339,,,,,,
contact,delete,8878872213,,,,,,
contact,create,8878871650,name,Jesus,email,jesus@example.com,age,25
contact,create,8878871451,name,Monica,email,monica@example.com,age,42
contact,create,8878877552,name,Sean,email,sean@example.com,age,52
contact,create,8878878427,name,Kelly,email,kelly@example.com,age,38
contact,create,8878877992,name,Tina,email,tina@example.com,age,46
contact,create,8878875667,name,Scott,email,scott@example.com,age,60
contact,create,8878872514,name,Austin,email,austin@example.com,age,45
contact,create,8878876427,name,Adam,email,adam@example.com,age,35
contact,delete,8878874678,,,,,,
contact,delete,8878878882,,,,,,
contact,delete,8878871944,,,,,,
contact,delete,8878877244,,,,,,
contact,delete,8878874422,,,,,,
contact,create,8878879287,name,Todd,email,todd@example.com,age,39
contact,delete,8878875833,,,,,,
contact,create,8878874830,name,Jacob,email,jacob@example.com,age,20
contact,delete,8878878990,,,,,,
contact,delete,8878874263,,,,,,
contact,delete,8878877306,,,,,,
contact,delete,8878873334,,,,,,
contact,delete,8878871795,,,,,,
contact,create,8878872702,name,Amy,email,amy@example.com,age,43
contact,delete,8878876945,,,,,,
contact,delete,8878878824,,,,,,
contact,create,8878878960,name,Gary,email,gary@example.com,age,52
contact,create,8878879988,name,Barbara,email,barbara@example.com,age,26
contact,delete,8878872753,,,,,,
contact,create,8878872002,name,Michael,email,michael@example.com,age,50
contact,delete,8878871164,,,,,,
contact,delete,8878873236,,,,,,
contact,create,8878877251,name,Crystal,email,crystal@example.com,age,43
contact,delete,8878874757,,,,,,
contact,create,8878875632,name,Angel,email,angel@example.com,age,21
contact,delete,8878877047,,,,,,
contact,delete,8878872467,,,,,,
contact,delete,8878873635,,,,,,
contact,create,8878871844,name,Matthew,email,matthew@example.com,age,39
contact,delete,8878877471,,,,,,
contact,create,8878875087,name,Luis,email,luis@example.com,age,29
contact,create,8878872393,name,Raymond,email,raymond@example.com,age,27
contact,delete,8878876119,,,,,,
contact,delete,8878872165,,,,,,
contact,delete,8878874749,,,,,,
contact,delete,8878877474,,,,,,
contact,create,8878871393,name,Leslie,email,leslie@example.com,age,51
contact,delete,8878879329,,,,,,
contact,create,8878874208,name,Samuel,email,samuel@example.com,age,20
contact,delete,8878878636,,,,,,
contact,update,8878876747,name,Ann Updated,age,41,,
contact,delete,8878878357,,,,,,
contact,delete,8878876074,,,,,,
contact,create,8878872089,name,Laura,email,laura@example.com,age,43
contact,delete,8878877428,,,,,,
contact,create,8878873078,name,Jessica,email,jessica@example.com,age,34
contact,create,8878876954,name,Jeffery,email,jeffery@example.com,age,35
contact,update,8878878391,name,Holly Updated,age,20,,
contact,create,8878873144,name,Kelsey,email,kelsey@example.com,age,46
contact,create,8878872447,name,Robert,email,robert@example.com,age,26
contact,update,8878876720,name,Maria Updated,age,37,,
contact,create,8878877465,name,Jamie,email,jamie@example.com,age,43
contact,delete,8878876777,,,,,,
contact,create,8878875308,name,Fred,email,fred@example.com,age,55
contact,delete,8878875117,,,,,,
contact,delete,8878871547,,,,,,
contact,create,8878874504,name,Justin,email,justin@example.com,age,27
contact,create,8878875649,name,Patrick,email,patrick@example.com,age,39
contact,delete,8878879070,,,,,,
contact,create,8878874298,name,Jonathan,email,jonathan@example.com,age,33
contact,delete,8878871028,,,,,,
contact,create,8878879769,name,Jason,email,jason@example.com,age,49
contact,delete,8878873180,,,,,,
contact,create,8878879601,name,Michelle,email,michelle@example.com,age,40
contact,create,8878878570,name,Alexander,email,alexander@example.com,age,48
contact,create,8878873877,name,Phyllis,email,phyllis@example.com,age,41
contact,create,8878871461,name,Aaron,email,aaron@example.com,age,36
contact,delete,8878871574,,,,,,
contact,delete,8878871582,,,,,,
contact,delete,8878877149,,,,,,
contact,delete,8878872302,,,,,,
contact,create,8878871850,name,Mark,email,mark@example.com,age,53
contact,delete,8878871355,,,,,,
contact,delete,8878876227,,,,,,
contact,delete,8878875881,,,,,,
contact,delete,8878879087,,,,,,
contact,delete,8878874453,,,,,,
contact,delete,8878876440,,,,,,
contact,create,8878874488,name,Bradley,email,bradley@example.com,age,44
contact,create,8878877454,name,Mathew,email,mathew@example.com,age,47
contact,create,8878877686,name,Leslie,email,leslie@example.com,age,32
contact,delete,8878873231,,,,,,
contact,create,8878871541,name,Katherine,email,katherine@example.com,age,23
contact,delete,8878872081,,,,,,
contact,create,8878873828,name,Teresa,email,teresa@example.com,age,27
contact,delete,8878876338,,,,,,
contact,create,8878879940,name,Jill,email,jill@example.com,age,30
contact,delete,8878875351,,,,,,
contact,delete,8878872876,,,,,,
contact,delete,8878875103,,,,,,
contact,delete,8878879102,,,,,,
contact,delete,8878877778,,,,,,
contact,create,8878874467,name,Kerry,email,kerry@example.com,age,41
contact,update,8878877181,name,Andrew Updated,age,48,,
contact,delete,8878871858,,,,,,
contact,create,8878877795,name,Katrina,email,katrina@example.com,age,30
contact,delete,8878874670,,,,,,
contact,create,8878873940,name,James,email,james@example.com,age,48
contact,create,8878876973,name,Alex,email,alex@example.com,age,54
contact,create,8878872243,name,Matthew,email,matthew@example.com,age,56
contact,create,8878875891,name,Bryan,email,bryan@example.com,age,26
contact,create,8878875939,name,Lindsey,email,lindsey@example.com,age,31
contact,create,8878875624,name,Jennifer,email,jennifer@example.com,age,28
contact,delete,8878871084,,,,,,
contact,delete,8878873591,,,,,,
contact,delete,8878872371,,,,,,
contact,delete,8878875758,,,,,,
contact,delete,8878877652,,,,,,
contact,create,8878879748,name,Michael,email,michael@example.com,age,32
contact,delete,8878871509,,,,,,
contact,create,8878879768,name,Tina,email,tina@example.com,age,28
contact,delete,8878877690,,,,,,
contact,delete,8878875724,,,,,,
contact,delete,8878875088,,,,,,
contact,create,8878878479,name,Sherry,email,sherry@example.com,age,39
contact,create,8878875862,name,Jessica,email,jessica@example.com,age,28
contact,delete,8878875733,,,,,,
contact,create,8878877384,name,Emily,email,emily@example.com,age,20
contact,create,8878878746,name,George,email,george@example.com,age,43
contact,delete,8878878385,,,,,,
contact,delete,8878873116,,,,,,
contact,create,8878871564,name,Hannah,email,hannah@example.com,age,47
contact,create,8878872446,name,Julie,email,julie@example.com,age,29
contact,create,8878873104,name,Michael,email,michael@example.com,age,50
contact,create,8878871320,name,Douglas,email,douglas@example.com,age,56
contact,delete,8878879879,,,,,,
contact,create,8878879670,name,David,email,david@example.com,age,38
contact,delete,8878876939,,,,,,
contact,delete,8878876793,,,,,,
contact,delete,8878875224,,,,,,
contact,create,8878872347,name,Douglas,email,douglas@example.com,age,33
contact,create,8878875681,name,Robert,email,robert@example.com,age,53
contact,create,8878879163,name,Audrey,email,audrey@example.com,age,41
contact,create,8878871848,name,Lauren,email,lauren@example.com,age,39
contact,create,8878875420,name,Ryan,email,ryan@example.com,age,40
contact,create,8878879661,name,Kevin,email,kevin@example.com,age,23
contact,create,8878877035,name,Janice,email,janice@example.com,age,43
contact,create,8878878769,name,Tamara,email,tamara@example.com,age,47
contact,create,8878877180,name,Charles,email,charles@example.com,age,33
contact,create,8878875299,name,Kayla,email,kayla@example.com,age,41
contact,delete,8878873254,,,,,,
contact,delete,8878871824,,,,,,
contact,create,8878871013,name,Troy,email,troy@example.com,age,21
contact,delete,8878873366,,,,,,
contact,delete,8878874130,,,,,,
contact,delete,8878872223,,,,,,
contact,delete,8878873989,,,,,,
contact,delete,8878879469,,,,,,
contact,delete,8878876056,,,,,,
contact,create,8878872978,name,Patricia,email,patricia@example.com,age,27
contact,delete,8878876480,,,,,,
contact,create,8878875160,name,Jacob,email,jacob@example.com,age,48
contact,create,8878874820,name,Matthew,email,matthew@example.com,age,37
contact,create,8878873821,name,Katherine,email,katherine@example.com,age,46
contact,delete,8878874755,,,,,,
contact,create,8878874201,name,Dennis,email,dennis@example.com,age,36
contact,create,8878877330,name,Arthur,email,arthur@example.com,age,36
contact,create,8878872901,name,John,email,john@example.com,age,20
contact,delete,8878875191,,,,,,
contact,create,8878875298,name,Michelle,email,michelle@example.com,age,57
contact,create,8878874998,name,William,email,william@example.com,age,34
contact,delete,8878877723,,,,,,
contact,create,8878875760,name,Allison,email,allison@example.com,age,56
contact,create,8878879272,name,Leslie,email,leslie@example.com,age,38
contact,create,8878878353,name,Kara,email,kara@example.com,age,49
contact,create,8878871399,name,Jacob,email,jacob@example.com,age,27
contact,delete,8878874853,,,,,,
contact,delete,8878873924,,,,,,
contact,create,8878874396,name,Kimberly,email,kimberly@example.com,age,46
contact,create,8878879078,name,John,email,john@example.com,age,29
contact,delete,8878879992,,,,,,
contact,delete,8878879903,,,,,,
contact,create,8878879880,name,Edward,email,edward@example.com,age,59
contact,delete,8878878490,,,,,,
contact,delete,8878871952,,,,,,
contact,delete,8878872158,,,,,,
contact,create,8878874857,name,Warren,email,warren@example.com,age,42
contact,create,8878873570,name,Vincent,email,vincent@example.com,age,49
contact,delete,8878874821,,,,,,
contact,delete,8878876105,,,,,,
contact,delete,8878871858,,,,,,
contact,delete,8878879031,,,,,,
contact,delete,8878876319,,,,,,
contact,create,8878877926,name,Tammy,email,tammy@example.com,age,27
contact,create,8878878244,name,Mitchell,email,mitchell@example.com,age,33
contact,create,8878879901,name,Robert,email,robert@example.com,age,57
contact,delete,8878876018,,,,,,
contact,delete,8878876044,,,,,,
contact,create,8878878110,name,Angela,email,angela@example.com,age,36
contact,delete,8878879372,,,,,,
contact,delete,8878879132,,,,,,
contact,delete,8878875260,,,,,,
contact,create,8878875342,name,Jonathan,email,jonathan@example.com,age,53
contact,delete,8878878635,,,,,,
contact,delete,8878877878,,,,,,
contact,delete,8878875576,,,,,,
contact,delete,8878874449,,,,,,
contact,create,8878875517,name,Dawn,email,dawn@example.com,age,28
contact,delete,8878877568,,,,,,
contact,create,8878876803,name,Richard,email,richard@example.com,age,50
contact,delete,8878872015,,,,,,
contact,delete,8878876011,,,,,,
contact,create,8878875504,name,Morgan,email,morgan@example.com,age,37
contact,delete,8878878457,,,,,,
contact,update,8878879432,name,Nicholas Updated,age,39,,
contact,delete,8878871807,,,,,,
contact,delete,8878876485,,,,,,
contact,create,8878878853,name,Dawn,email,dawn@example.com,age,34
contact,create,8878877746,name,James,email,james@example.com,age,47
contact,delete,8878875509,,,,,,
contact,delete,8878872392,,,,,,
contact,delete,8878873226,,,,,,
contact,create,8878872326,name,Kelly,email,kelly@example.com,age,34
contact,create,8878878492,name,Jennifer,email,jennifer@example.com,age,49
contact,delete,8878877699,,,,,,
contact,delete,8878873560,,,,,,
contact,delete,8878877399,,,,,,
contact,create,8878877818,name,James,email,james@example.com,age,55
contact,create,8878875124,name,Keith,email,keith@example.com,age,29
contact,create,8878873257,name,Christopher,email,christopher@example.com,age,27
contact,delete,8878872487,,,,,,
contact,delete,8878876588,,,,,,
contact,update,8878879901,name,Robert Updated,age,58,,
contact,create,8878874844,name,Shaun,email,shaun@example.com,age,59
contact,delete,8878871707,,,,,,
contact,delete,8878879978,,,,,,
contact,update,8878875553,name,Derrick Updated,age,43,,
contact,create,8878875772,name,James,email,james@example.com,age,38
contact,delete,8878876811,,,,,,
contact,update,8878877181,name,Andrew Updated Updated,age,49,,
contact,delete,8878878377,,,,,,
contact,update,8878874854,name,Colleen Updated,age,40,,
contact,delete,8878875596,,,,,,
contact,delete,8878876382,,,,,,
contact,delete,8878879562,,,,,,
contact,delete,8878874825,,,,,,
contact,create,8878873134,name,Brian,email,brian@example.com,age,30
contact,create,8878876902,name,Mackenzie,email,mackenzie@example.com,age,22
contact,delete,8878872492,,,,,,
contact,create,8878879020,name,Tyler,email,tyler@example.com,age,44
contact,create,8878871934,name,Joseph,email,joseph@example.com,age,36
contact,delete,8878877420,,,,,,
contact,create,8878874272,name,Kellie,email,kellie@example.com,age,20
contact,create,8878877014,name,Amanda,email,amanda@example.com,age,24
contact,create,8878879695,name,Isabella,email,isabella@example.com,age,39
contact,create,8878872014,name,Mark,email,mark@example.com,age,36
contact,create,8878871672,name,Diana,email,diana@example.com,age,36
contact,delete,8878878859,,,,,,
contact,delete,8878879118,,,,,,
contact,delete,8878878163,,,,,,
contact,create,8878879535,name,Stephen,email,stephen@example.com,age,22
contact,delete,8878879467,,,,,,
contact,delete,8878879990,,,,,,
contact,create,8878875236,name,William,email,william@example.com,age,50
contact,create,8878879309,name,Jerry,email,jerry@example.com,age,43
contact,create,8878877910,name,Michelle,email,michelle@example.com,age,57
contact,delete,8878871355,,,,,,
contact,create,8878873042,name,James,email,james@example.com,age,31
contact,delete,8878878043,,,,,,
contact,create,8878877266,name,Jody,email,jody@example.com,age,20
contact,update,8878871560,name,Steven Updated,age,52,,
contact,create,8878878516,name,James,email,james@example.com,age,39
contact,update,8878877725,name,Ashley Updated,age,27,,
contact,delete,8878875529,,,,,,
contact,create,8878876873,name,Ryan,email,ryan@example.com,age,37
contact,delete,8878872456,,,,,,
contact,delete,8878876276,,,,,,
contact,create,8878874037,name,Angela,email,angela@example.com,age,41
contact,create,8878879657,name,Jessica,email,jessica@example.com,age,45
contact,delete,8878873600,,,,,,
contact,create,8878876993,name,Steven,email,steven@example.com,age,60
contact,delete,8878879258,,,,,,
contact,create,8878879296,name,Anna,email,anna@example.com,age,20
contact,create,8878879005,name,Scott,email,scott@example.com,age,55
contact,create,8878879580,name,Teresa,email,teresa@example.com,age,32
contact,create,8878878460,name,Michelle,email,michelle@example.com,age,44
contact,update,8878875059,name,Kathryn Updated,age,32,,
contact,delete,8878874954,,,,,,
contact,create,8878877055,name,Caroline,email,caroline@example.com,age,37
contact,create,8878877706,name,John,email,john@example.com,age,38
contact,delete,8878872939,,,,,,
contact,delete,8878871039,,,,,,
contact,delete,8878879660,,,,,,
contact,delete,8878876267,,,,,,
contact,create,8878877197,name,Kayla,email,kayla@example.com,age,38
contact,create,8878879877,name,Ann,email,ann@example.com,age,42
contact,create,8878872475,name,Daniel,email,daniel@example.com,age,43
contact,create,8878879142,name,Michael,email,michael@example.com,age,60
contact,delete,8878871402,,,,,,
contact,delete,8878871274,,,,,,
contact,create,8878877797,name,Debra,email,debra@example.com,age,25
contact,create,8878877961,name,Angela,email,angela@example.com,age,37
contact,delete,8878871398,,,,,,
contact,create,8878874804,name,Sarah,email,sarah@example.com,age,29
contact,delete,8878876607,,,,,,
contact,delete,8878874328,,,,,,
contact,create,8878872465,name,Vincent,email,vincent@example.com,age,51
contact,delete,8878874375,,,,,,
contact,update,8878876297,name,Cody Updated,age,36,,
contact,delete,8878876763,,,,,,
contact,create,8878873292,name,David,email,david@example.com,age,42
contact,delete,8878879135,,,,,,
contact,create,8878876892,name,Jeffery,email,jeffery@example.com,age,42
contact,create,8878876390,name,Edward,email,edward@example.com,age,49
contact,delete,8878873938,,,,,,
contact,create,8878873445,name,Rachel,email,rachel@example.com,age,34
contact,update,8878874272,name,Kellie Updated,age,21,,
contact,delete,8878871207,,,,,,
contact,create,8878874234,name,George,email,george@example.com,age,35
contact,delete,8878872852,,,,,,
contact,create,8878877743,name,Todd,email,todd@example.com,age,49
contact,create,8878873736,name,Heather,email,heather@example.com,age,26
contact,delete,8878879861,,,,,,
contact,delete,8878874724,,,,,,
contact,create,8878872885,name,Melissa,email,melissa@example.com,age,51
contact,create,8878878128,name,Deborah,email,deborah@example.com,age,28
contact,create,8878875416,name,Kimberly,email,kimberly@example.com,age,50
contact,delete,8878871081,,,,,,
contact,delete,8878878623,,,,,,
contact,create,8878874080,name,Kenneth,email,kenneth@example.com,age,32
contact,create,8878871460,name,Robert,email,robert@example.com,age,37
contact,create,8878871064,name,Timothy,email,timothy@example.com,age,31
contact,create,8878875681,name,Katherine,email,katherine@example.com,age,56
contact,create,8878877790,name,Tracy,email,tracy@example.com,age,52
contact,delete,8878872539,,,,,,
contact,delete,8878876523,,,,,,
contact,delete,8878872076,,,,,,
contact,create,8878872337,name,Shannon,email,shannon@example.com,age,45
contact,delete,8878874322,,,,,,
contact,create,8878872048,name,Felicia,email,felicia@example.com,age,19
contact,delete,8878875432,,,,,,
contact,create,8878875003,name,Chad,email,chad@example.com,age,33
contact,delete,8878876427,,,,,,
contact,delete,8878879815,,,,,,
contact,delete,8878878028,,,,,,
contact,create,8878877091,name,Karen,email,karen@example.com,age,21
contact,create,8878877275,name,Thomas,email,thomas@example.com,age,41
contact,create,8878871088,name,James,email,james@example.com,age,49
contact,create,8878872735,name,Bruce,email,bruce@example.com,age,31
contact,delete,8878877281,,,,,,
contact,create,8878878845,name,Jacqueline,email,jacqueline@example.com,age,29
contact,delete,8878872977,,,,,,
contact,create,8878879985,name,Daniel,email,daniel@example.com,age,37
contact,create,8878877275,name,Darren,email,darren@example.com,age,41
contact,delete,8878871266,,,,,,
contact,create,8878879562,name,Michael,email,michael@example.com,age,39
contact,delete,8878874310,,,,,,
contact,create,8878872595,name,Alexis,email,alexis@example.com,age,42
contact,delete,8878872549,,,,,,
contact,delete,8878878212,,,,,,
contact,create,8878874996,name,Mark,email,mark@example.com,age,22
contact,create,8878874970,name,Nicholas,email,nicholas@example.com,age,43
contact,create,8878873756,name,Christopher,email,christopher@example.com,age,33
contact,create,8878873769,name,Cindy,email,cindy@example.com,age,57
contact,create,8878879744,name,Lynn,email,lynn@example.com,age,21
contact,create,8878878997,name,Joan,email,joan@example.com,age,37
contact,delete,8878876530,,,,,,
contact,create,8878876857,name,Erika,email,erika@example.com,age,26
contact,delete,8878873693,,,,,,
contact,delete,8878873884,,,,,,
contact,create,8878872024,name,Justin,email,justin@example.com,age,49
contact,create,8878874963,name,Jesse,email,jesse@example.com,age,18
contact,create,8878879110,name,Jennifer,email,jennifer@example.com,age,29
contact,delete,8878876685,,,,,,
contact,delete,8878874662,,,,,,
contact,create,8878876083,name,Teresa,email,teresa@example.com,age,60
contact,delete,8878871738,,,,,,
contact,create,8878877540,name,Lindsey,email,lindsey@example.com,age,20
contact,delete,8878874897,,,,,,
contact,delete,8878878740,,,,,,
contact,delete,8878874233,,,,,,
contact,delete,8878873536,,,,,,
contact,delete,8878876960,,,,,,
contact,create,8878879733,name,Nicholas,email,nicholas@example.com,age,53
contact,delete,8878873122,,,,,,
contact,create,8878878773,name,Deborah,email,deborah@example.com,age,43
contact,create,8878879522,name,Renee,email,renee@example.com,age,50
contact,create,8878876887,name,Heather,email,heather@example.com,age,36
contact,delete,8878875421,,,,,,
contact,create,8878873256,name,Melissa,email,melissa@example.com,age,43
contact,update,8878875939,name,Lindsey Updated,age,32,,
contact,delete,8878871750,,,,,,
contact,delete,8878875273,,,,,,
contact,update,8878876004,name,Deanna Updated,age,54,,
contact,create,8878872228,name,Andrea,email,andrea@example.com,age,50
contact,delete,8878877135,,,,,,
contact,create,8878877462,name,Susan,email,susan@example.com,age,41
contact,create,8878871150,name,Phyllis,email,phyllis@example.com,age,35
contact,delete,8878876591,,,,,,
contact,create,8878875344,name,Justin,email,justin@example.com,age,38
contact,create,8878876700,name,Johnny,email,johnny@example.com,age,42
contact,create,8878878860,name,Brandon,email,brandon@example.com,age,36
contact,delete,8878874006,,,,,,
contact,delete,8878871258,,,,,,
contact,create,8878875537,name,Rebecca,email,rebecca@example.com,age,48
contact,delete,8878878778,,,,,,
contact,delete,8878877726,,,,,,
contact,create,8878875278,name,Benjamin,email,benjamin@example.com,age,18
contact,update,8878879846,name,Daniel Updated,age,47,,
contact,delete,8878874915,,,,,,
contact,create,8878875716,name,Christian,email,christian@example.com,age,51
contact,create,8878875706,name,Elizabeth,email,elizabeth@example.com,age,41
contact,create,8878873330,name,Lisa,email,lisa@example.com,age,48
contact,delete,8878876030,,,,,,
contact,delete,8878879381,,,,,,
contact,delete,8878871315,,,,,,
contact,create,8878873491,name,Mark,email,mark@example.com,age,47
contact,delete,8878872951,,,,,,
contact,create,8878871752,name,Michelle,email,michelle@example.com,age,40
contact,delete,8878871558,,,,,,
contact,update,8878879657,name,Jessica Updated,age,46,,
contact,delete,8878871017,,,,,,
contact,delete,8878877941,,,,,,
contact,delete,8878875428,,,,,,
contact,create,8878873064,name,Paul,email,paul@example.com,age,29
